[
{
    "model": "libreria.customuser",
    "fields": {
        "password": "pbkdf2_sha256$870000$CE6EFjoB4eWcRXZcSqQ0zr$LG5QTXBMBktaLpdKBOgdPyRru+nphNwwpKigqd8Utqg=",
        "last_login": "2025-07-27T21:19:34.368Z",
        "is_superuser": false,
        "username": "Daniel Sanchez",
        "email": "jonnathansz73@gmail.com",
        "role": "Administrador",
        "area": "Administrativa",
        "cargo": "Aprendiz Sena",
        "fecha_registro": "2025-07-26",
        "is_active": true,
        "is_staff": false,
        "session_key": "2cv55bbmjeiot4dcdtfo7vme8oe05lsh",
        "session_token": "25929d63-8aaf-4e0c-b78d-0ed37ec774bb",
        "acceso_pap": true,
        "acceso_caf": true,
        "acceso_cde": true,
        "groups": [],
        "user_permissions": []
    }
},
{
    "model": "libreria.customuser",
    "fields": {
        "password": "pbkdf2_sha256$870000$k6WkSbmrKJJHM40MCQwOip$cBgWH2vRuKixdv64xxILeACVarQe1jpHFWd9HlX+RX4=",
        "last_login": null,
        "is_superuser": false,
        "username": "Carlos Andres Orozco",
        "email": "carlos@gmail.com",
        "role": "Empleado",
        "area": "Registros públicos",
        "cargo": "Auxiliar En Gestion Documental",
        "fecha_registro": "2025-07-26",
        "is_active": true,
        "is_staff": false,
        "session_key": null,
        "session_token": null,
        "acceso_pap": true,
        "acceso_caf": true,
        "acceso_cde": true,
        "groups": [],
        "user_permissions": []
    }
},
{
    "model": "libreria.customuser",
    "fields": {
        "password": "pbkdf2_sha256$870000$1ehYrTA8VhN1fQ1WsWD3T9$X02o5DkuC99YU1t6M9T7PO6rcHWHnIrSTSSvqNfdS/c=",
        "last_login": null,
        "is_superuser": false,
        "username": "Viviana Rodriguez",
        "email": "viviana@gmail.com",
        "role": "Empleado",
        "area": "Gestión empresarial",
        "cargo": "Asistente En Gestion Documental",
        "fecha_registro": "2025-07-26",
        "is_active": true,
        "is_staff": false,
        "session_key": null,
        "session_token": null,
        "acceso_pap": false,
        "acceso_caf": false,
        "acceso_cde": false,
        "groups": [],
        "user_permissions": []
    }
},
{
    "model": "libreria.customuser",
    "fields": {
        "password": "pbkdf2_sha256$870000$Rfhv4fdTqGyJgPS0VLS6C2$V9Us2n9lf/ZkiHSJFE+TOs+HpEM+mjzw2xpCERxUaq4=",
        "last_login": null,
        "is_superuser": false,
        "username": "Sonia Parra",
        "email": "sonia@gmail.com",
        "role": "Empleado",
        "area": "Competitividad",
        "cargo": "Supernumeraria De Gestion Documental",
        "fecha_registro": "2025-07-26",
        "is_active": true,
        "is_staff": false,
        "session_key": null,
        "session_token": null,
        "acceso_pap": false,
        "acceso_caf": false,
        "acceso_cde": false,
        "groups": [],
        "user_permissions": []
    }
},
{
    "model": "libreria.customuser",
    "fields": {
        "password": "pbkdf2_sha256$870000$UOmB5BVTl5YU36QiYDDJER$lqlEb8FqottfnoC0SZYJTTzeNBagQ2/vYHIWWRWUDaA=",
        "last_login": null,
        "is_superuser": false,
        "username": "Valentina Casallas",
        "email": "valentinacasallas@gmail.com",
        "role": "Empleado",
        "area": "Presidencia",
        "cargo": "Auxiliar En Gestion Documental",
        "fecha_registro": "2025-07-26",
        "is_active": true,
        "is_staff": false,
        "session_key": null,
        "session_token": null,
        "acceso_pap": false,
        "acceso_caf": false,
        "acceso_cde": false,
        "groups": [],
        "user_permissions": []
    }
},
{
    "model": "libreria.customuser",
    "fields": {
        "password": "pbkdf2_sha256$870000$bosMCdfF70UmQVoYyD6UwQ$C5+LJ3HTg3tR9FYgdEr053R+tQ4IChuQQc7cPRqL3fc=",
        "last_login": null,
        "is_superuser": false,
        "username": "Diego Ortiz",
        "email": "diego@gmail.com",
        "role": "Empleado",
        "area": "Financiera",
        "cargo": "Aprendiz Sena",
        "fecha_registro": "2025-07-26",
        "is_active": true,
        "is_staff": false,
        "session_key": null,
        "session_token": null,
        "acceso_pap": false,
        "acceso_caf": false,
        "acceso_cde": false,
        "groups": [],
        "user_permissions": []
    }
},
{
    "model": "libreria.customuser",
    "fields": {
        "password": "pbkdf2_sha256$870000$SwCaDnGkBl6zaDRZdCD76U$D6Ic1FGVSrtqBvoEfY2FwGmL/caG9dKL27FR8WVmF78=",
        "last_login": null,
        "is_superuser": false,
        "username": "Freddy Monsalve",
        "email": "freddymonsalvegestionempresarial@gmail.com",
        "role": "Empleado",
        "area": "Gestión empresarial",
        "cargo": "Asistente En Gestión Empresarial",
        "fecha_registro": "2025-07-27",
        "is_active": true,
        "is_staff": false,
        "session_key": null,
        "session_token": null,
        "acceso_pap": false,
        "acceso_caf": false,
        "acceso_cde": false,
        "groups": [],
        "user_permissions": []
    }
},
{
    "model": "libreria.customuser",
    "fields": {
        "password": "pbkdf2_sha256$870000$Sv9lumvwnwdlkvdHNQ7vqa$ki5FvS12CSkN9n6C0zxOC6Rs8wg2Pa56zcRCx2oCxhM=",
        "last_login": null,
        "is_superuser": false,
        "username": "Alejandro Moreno",
        "email": "alejandromorenorues@gmail.com",
        "role": "Empleado",
        "area": "Registros públicos",
        "cargo": "Abogado Jurídico",
        "fecha_registro": "2025-07-27",
        "is_active": true,
        "is_staff": false,
        "session_key": null,
        "session_token": null,
        "acceso_pap": false,
        "acceso_caf": false,
        "acceso_cde": false,
        "groups": [],
        "user_permissions": []
    }
},
{
    "model": "papeleria.articulo",
    "pk": 1,
    "fields": {
        "nombre": "Resma de papel membreteada",
        "marca": "Reprograf",
        "observacion": "No hay",
        "tipo": "Oficio",
        "precio": 2000,
        "cantidad": 1,
        "proveedor": "Javeriana",
        "registrado_por": [
            "jonnathansz73@gmail.com"
        ],
        "fecha_registro": "2025-07-26"
    }
},
{
    "model": "papeleria.articulo",
    "pk": 2,
    "fields": {
        "nombre": "Calculadora",
        "marca": "Casio",
        "observacion": "No hay",
        "tipo": "Científica",
        "precio": 2000,
        "cantidad": 19,
        "proveedor": "Casio",
        "registrado_por": [
            "jonnathansz73@gmail.com"
        ],
        "fecha_registro": "2025-07-26"
    }
},
{
    "model": "papeleria.articulo",
    "pk": 3,
    "fields": {
        "nombre": "Juegos de tapas",
        "marca": "Tapas ltda",
        "observacion": "No hay",
        "tipo": "No establecido",
        "precio": 5000,
        "cantidad": 197,
        "proveedor": "Javeriana",
        "registrado_por": [
            "jonnathansz73@gmail.com"
        ],
        "fecha_registro": "2025-07-26"
    }
},
{
    "model": "papeleria.articulo",
    "pk": 4,
    "fields": {
        "nombre": "Lapiz",
        "marca": "Bic",
        "observacion": "No hay",
        "tipo": "Rojo",
        "precio": 3000,
        "cantidad": 10,
        "proveedor": "Javeriana",
        "registrado_por": [
            "jonnathansz73@gmail.com"
        ],
        "fecha_registro": "2025-07-26"
    }
},
{
    "model": "papeleria.articulo",
    "pk": 5,
    "fields": {
        "nombre": "Post - its",
        "marca": "Offi - esco",
        "observacion": "No hay",
        "tipo": "Medianas",
        "precio": 3000,
        "cantidad": 32,
        "proveedor": "Javeriana",
        "registrado_por": [
            "jonnathansz73@gmail.com"
        ],
        "fecha_registro": "2025-07-26"
    }
},
{
    "model": "papeleria.articulo",
    "pk": 6,
    "fields": {
        "nombre": "Ganchos plasticos",
        "marca": "Offi - esco",
        "observacion": "No hay",
        "tipo": "Legajadores",
        "precio": 32000,
        "cantidad": 300,
        "proveedor": "Javeriana",
        "registrado_por": [
            "jonnathansz73@gmail.com"
        ],
        "fecha_registro": "2025-07-27"
    }
},
{
    "model": "papeleria.articulo",
    "pk": 7,
    "fields": {
        "nombre": "Separadores",
        "marca": "Offi - esco",
        "observacion": "No hay",
        "tipo": "Plástico",
        "precio": 3000,
        "cantidad": 74,
        "proveedor": "Javeriana",
        "registrado_por": [
            "jonnathansz73@gmail.com"
        ],
        "fecha_registro": "2025-07-27"
    }
},
{
    "model": "papeleria.pedido",
    "pk": 1,
    "fields": {
        "registrado_por": [
            "jonnathansz73@gmail.com"
        ],
        "fecha_pedido": "2021-01-01T23:04:00Z",
        "fecha_estado": "2025-07-26T23:04:57.747Z",
        "estado": "Confirmado"
    }
},
{
    "model": "papeleria.pedido",
    "pk": 2,
    "fields": {
        "registrado_por": [
            "jonnathansz73@gmail.com"
        ],
        "fecha_pedido": "2025-07-26T23:07:45.046Z",
        "fecha_estado": "2025-07-26T23:07:45.046Z",
        "estado": "Confirmado"
    }
},
{
    "model": "papeleria.pedido",
    "pk": 3,
    "fields": {
        "registrado_por": [
            "jonnathansz73@gmail.com"
        ],
        "fecha_pedido": "2025-07-26T23:08:20.893Z",
        "fecha_estado": "2025-07-26T23:08:20.893Z",
        "estado": "Confirmado"
    }
},
{
    "model": "papeleria.pedido",
    "pk": 4,
    "fields": {
        "registrado_por": [
            "jonnathansz73@gmail.com"
        ],
        "fecha_pedido": "2025-07-26T23:08:59.910Z",
        "fecha_estado": "2025-07-26T23:08:59.910Z",
        "estado": "Confirmado"
    }
},
{
    "model": "papeleria.pedido",
    "pk": 5,
    "fields": {
        "registrado_por": [
            "jonnathansz73@gmail.com"
        ],
        "fecha_pedido": "2025-07-27T21:22:23.803Z",
        "fecha_estado": "2025-07-27T21:22:23.803Z",
        "estado": "Confirmado"
    }
},
{
    "model": "papeleria.pedidoarticulo",
    "pk": 1,
    "fields": {
        "pedido": 1,
        "articulo": 2,
        "cantidad": 1,
        "tipo": "Científica",
        "area": "Administrativa"
    }
},
{
    "model": "papeleria.pedidoarticulo",
    "pk": 2,
    "fields": {
        "pedido": 2,
        "articulo": 1,
        "cantidad": 1,
        "tipo": "Oficio",
        "area": "Administrativa"
    }
},
{
    "model": "papeleria.pedidoarticulo",
    "pk": 3,
    "fields": {
        "pedido": 2,
        "articulo": 2,
        "cantidad": 1,
        "tipo": "Científica",
        "area": "Administrativa"
    }
},
{
    "model": "papeleria.pedidoarticulo",
    "pk": 4,
    "fields": {
        "pedido": 3,
        "articulo": 2,
        "cantidad": 1,
        "tipo": "Científica",
        "area": "Administrativa"
    }
},
{
    "model": "papeleria.pedidoarticulo",
    "pk": 5,
    "fields": {
        "pedido": 3,
        "articulo": 3,
        "cantidad": 1,
        "tipo": "No establecido",
        "area": "Administrativa"
    }
},
{
    "model": "papeleria.pedidoarticulo",
    "pk": 6,
    "fields": {
        "pedido": 3,
        "articulo": 4,
        "cantidad": 1,
        "tipo": "Rojo",
        "area": "Administrativa"
    }
},
{
    "model": "papeleria.pedidoarticulo",
    "pk": 7,
    "fields": {
        "pedido": 4,
        "articulo": 5,
        "cantidad": 1,
        "tipo": "Medianas",
        "area": "Administrativa"
    }
},
{
    "model": "papeleria.pedidoarticulo",
    "pk": 8,
    "fields": {
        "pedido": 4,
        "articulo": 2,
        "cantidad": 1,
        "tipo": "Científica",
        "area": "Administrativa"
    }
},
{
    "model": "papeleria.pedidoarticulo",
    "pk": 9,
    "fields": {
        "pedido": 4,
        "articulo": 3,
        "cantidad": 1,
        "tipo": "No establecido",
        "area": "Administrativa"
    }
},
{
    "model": "papeleria.pedidoarticulo",
    "pk": 10,
    "fields": {
        "pedido": 4,
        "articulo": 4,
        "cantidad": 1,
        "tipo": "Rojo",
        "area": "Administrativa"
    }
},
{
    "model": "papeleria.pedidoarticulo",
    "pk": 11,
    "fields": {
        "pedido": 5,
        "articulo": 3,
        "cantidad": 1,
        "tipo": "No establecido",
        "area": "Administrativa"
    }
},
{
    "model": "papeleria.pedidoarticulo",
    "pk": 12,
    "fields": {
        "pedido": 5,
        "articulo": 7,
        "cantidad": 11,
        "tipo": "Plástico",
        "area": "Administrativa"
    }
},
{
    "model": "papeleria.devolucion",
    "pk": 1,
    "fields": {
        "pedido": 1,
        "articulo": 2,
        "cantidad_devuelta": 1,
        "razon": "fin de contrato",
        "fecha": "2025-07-26T23:06:31.084Z"
    }
},
{
    "model": "cafeteria.productos",
    "pk": 1,
    "fields": {
        "nombre": "Café",
        "marca": "Tostao",
        "precio": 2000,
        "cantidad": 9,
        "proveedor": "Javeriana",
        "registrado_por": [
            "jonnathansz73@gmail.com"
        ],
        "fecha_registro": "2025-07-26",
        "unidad_medida": "Kilogramos",
        "presentacion": "No Hay"
    }
},
{
    "model": "cafeteria.productos",
    "pk": 2,
    "fields": {
        "nombre": "Vasos",
        "marca": "Vasos Ltda",
        "precio": 6000,
        "cantidad": 488,
        "proveedor": "Javeriana",
        "registrado_por": [
            "jonnathansz73@gmail.com"
        ],
        "fecha_registro": "2025-07-26",
        "unidad_medida": "Onzas",
        "presentacion": "Paquete X12"
    }
},
{
    "model": "cafeteria.productos",
    "pk": 3,
    "fields": {
        "nombre": "Palillos Mezcladores",
        "marca": "Palillos Ltda",
        "precio": 5000,
        "cantidad": 40,
        "proveedor": "Javeriana",
        "registrado_por": [
            "jonnathansz73@gmail.com"
        ],
        "fecha_registro": "2025-07-26",
        "unidad_medida": "Unidad",
        "presentacion": "Paquete X 50"
    }
},
{
    "model": "cafeteria.productos",
    "pk": 4,
    "fields": {
        "nombre": "Leche En Polvo",
        "marca": "Alqueria",
        "precio": 1000000000,
        "cantidad": 52,
        "proveedor": "Javeriana",
        "registrado_por": [
            "jonnathansz73@gmail.com"
        ],
        "fecha_registro": "2025-07-26",
        "unidad_medida": "Kilogramos",
        "presentacion": "Paquete"
    }
},
{
    "model": "cafeteria.productos",
    "pk": 5,
    "fields": {
        "nombre": "Toallas",
        "marca": "Toallas Ltda",
        "precio": 5000,
        "cantidad": 45,
        "proveedor": "Javeriana",
        "registrado_por": [
            "jonnathansz73@gmail.com"
        ],
        "fecha_registro": "2025-07-26",
        "unidad_medida": "Unidad",
        "presentacion": "Unidad"
    }
},
{
    "model": "cafeteria.pedido",
    "pk": 1,
    "fields": {
        "registrado_por": [
            "jonnathansz73@gmail.com"
        ],
        "fecha_estado": "2025-07-26T23:17:02.416Z",
        "fecha_pedido": "2025-07-26T23:17:02.415Z",
        "estado": "Confirmado"
    }
},
{
    "model": "cafeteria.pedido",
    "pk": 2,
    "fields": {
        "registrado_por": [
            "jonnathansz73@gmail.com"
        ],
        "fecha_estado": "2025-07-26T23:18:18.512Z",
        "fecha_pedido": "2025-07-26T23:18:18.510Z",
        "estado": "Confirmado"
    }
},
{
    "model": "cafeteria.pedido",
    "pk": 3,
    "fields": {
        "registrado_por": [
            "jonnathansz73@gmail.com"
        ],
        "fecha_estado": "2025-07-26T23:18:58.285Z",
        "fecha_pedido": "2025-07-26T23:18:58.281Z",
        "estado": "Confirmado"
    }
},
{
    "model": "cafeteria.pedidoproducto",
    "pk": 1,
    "fields": {
        "pedido": 1,
        "producto": 1,
        "cantidad": 1,
        "area": "Administrativa",
        "lugar": "cafeteria"
    }
},
{
    "model": "cafeteria.pedidoproducto",
    "pk": 2,
    "fields": {
        "pedido": 2,
        "producto": 1,
        "cantidad": 1,
        "area": "Administrativa",
        "lugar": "cafeteria"
    }
},
{
    "model": "cafeteria.pedidoproducto",
    "pk": 3,
    "fields": {
        "pedido": 2,
        "producto": 2,
        "cantidad": 50,
        "area": "Administrativa",
        "lugar": "cafeteria"
    }
},
{
    "model": "cafeteria.pedidoproducto",
    "pk": 4,
    "fields": {
        "pedido": 3,
        "producto": 2,
        "cantidad": 1,
        "area": "Administrativa",
        "lugar": "cafeteria"
    }
},
{
    "model": "cafeteria.pedidoproducto",
    "pk": 5,
    "fields": {
        "pedido": 3,
        "producto": 4,
        "cantidad": 1,
        "area": "Administrativa",
        "lugar": "cafeteria"
    }
},
{
    "model": "cde.pedidocde",
    "pk": 1,
    "fields": {
        "registrado_por": [
            "jonnathansz73@gmail.com"
        ],
        "fecha_pedido": "2025-07-26T23:20:13.145Z",
        "estado": "Confirmado"
    }
},
{
    "model": "cde.pedidocde",
    "pk": 2,
    "fields": {
        "registrado_por": [
            "jonnathansz73@gmail.com"
        ],
        "fecha_pedido": "2025-07-26T23:24:49.926Z",
        "estado": "Confirmado"
    }
},
{
    "model": "cde.pedidoproductocde",
    "pk": 1,
    "fields": {
        "pedido": 1,
        "producto": 1,
        "cantidad": 1,
        "area": "Administrativa",
        "evento": "competitividad"
    }
},
{
    "model": "cde.pedidoproductocde",
    "pk": 2,
    "fields": {
        "pedido": 1,
        "producto": 2,
        "cantidad": 15,
        "area": "Administrativa",
        "evento": "competitividad"
    }
},
{
    "model": "cde.pedidoproductocde",
    "pk": 3,
    "fields": {
        "pedido": 1,
        "producto": 3,
        "cantidad": 15,
        "area": "Administrativa",
        "evento": "competitividad"
    }
},
{
    "model": "cde.pedidoproductocde",
    "pk": 4,
    "fields": {
        "pedido": 2,
        "producto": 4,
        "cantidad": 1,
        "area": "Administrativa",
        "evento": "cde"
    }
}
]
