[
{
    "model": "libreria.customuser",
    "fields": {
        "password": "pbkdf2_sha256$1000000$xAK0t1B7mo54UBkRgLYHHE$qlwi7KcYegZVQ6fw4M7OJJzObUA1z5vlbPlwjyeSApQ=",
        "last_login": "2025-07-31T13:46:35.423Z",
        "is_superuser": false,
        "username": "Daniel Sanchez",
        "email": "jonnathansz73@gmail.com",
        "role": "Administrador",
        "area": "Registros públicos",
        "cargo": "Aprendiz Sena",
        "fecha_registro": "2025-07-26",
        "is_active": true,
        "is_staff": false,
        "session_key": "ayv17qkw3f8m86m4b068jdv2qd0txqe3",
        "session_token": "8955f418-e274-41a5-8b8e-7ec90e15be5f",
        "acceso_pap": true,
        "acceso_caf": true,
        "acceso_cde": true,
        "groups": [],
        "user_permissions": []
    }
},
{
    "model": "libreria.customuser",
    "fields": {
        "password": "pbkdf2_sha256$870000$k6WkSbmrKJJHM40MCQwOip$cBgWH2vRuKixdv64xxILeACVarQe1jpHFWd9HlX+RX4=",
        "last_login": "2025-07-27T21:26:49.886Z",
        "is_superuser": false,
        "username": "Carlos Andres Orozco",
        "email": "carlos@gmail.com",
        "role": "Empleado",
        "area": "Registros públicos",
        "cargo": "Auxiliar En Gestion Documental",
        "fecha_registro": "2025-07-26",
        "is_active": true,
        "is_staff": false,
        "session_key": "swerhyevam437drm55h69bp1ysibq68m",
        "session_token": "f38c1a0c-fe4e-4a54-9c95-87cd7a770aa0",
        "acceso_pap": true,
        "acceso_caf": false,
        "acceso_cde": false,
        "groups": [],
        "user_permissions": []
    }
},
{
    "model": "libreria.customuser",
    "fields": {
        "password": "pbkdf2_sha256$870000$1ehYrTA8VhN1fQ1WsWD3T9$X02o5DkuC99YU1t6M9T7PO6rcHWHnIrSTSSvqNfdS/c=",
        "last_login": "2025-07-27T21:30:41.265Z",
        "is_superuser": false,
        "username": "Viviana Rodriguez",
        "email": "viviana@gmail.com",
        "role": "Empleado",
        "area": "Gestión empresarial",
        "cargo": "Asistente En Gestion Documental",
        "fecha_registro": "2025-07-26",
        "is_active": false,
        "is_staff": false,
        "session_key": "5qejf8dv7pgwrmxf3gjb2vlbhk46m7i7",
        "session_token": "158e91b0-3aff-4958-88ed-f8a31c0a74a2",
        "acceso_pap": true,
        "acceso_caf": true,
        "acceso_cde": true,
        "groups": [],
        "user_permissions": []
    }
},
{
    "model": "libreria.customuser",
    "fields": {
        "password": "pbkdf2_sha256$1000000$9YnAKPfvUXXS1B63Lmwynn$oMEFriVMapgnKFroZP1+XVgn7lCIPzVJzDowMx35ze8=",
        "last_login": "2025-07-30T21:51:42.081Z",
        "is_superuser": false,
        "username": "Sonia Parra",
        "email": "sonia@gmail.com",
        "role": "Empleado",
        "area": "Competitividad",
        "cargo": "Supernumeraria De Gestion Documental",
        "fecha_registro": "2025-07-26",
        "is_active": true,
        "is_staff": false,
        "session_key": "9ld4j57hkku6qwlua4mz58qvc6u7xvhm",
        "session_token": "35349004-6c4a-499d-9677-65438f4251de",
        "acceso_pap": true,
        "acceso_caf": true,
        "acceso_cde": true,
        "groups": [],
        "user_permissions": []
    }
},
{
    "model": "libreria.customuser",
    "fields": {
        "password": "pbkdf2_sha256$870000$UOmB5BVTl5YU36QiYDDJER$lqlEb8FqottfnoC0SZYJTTzeNBagQ2/vYHIWWRWUDaA=",
        "last_login": "2025-07-27T21:32:49.957Z",
        "is_superuser": false,
        "username": "Valentina Casallas",
        "email": "valentinacasallas@gmail.com",
        "role": "Empleado",
        "area": "Presidencia",
        "cargo": "Auxiliar En Gestion Documental",
        "fecha_registro": "2025-07-26",
        "is_active": true,
        "is_staff": false,
        "session_key": "hj42eb6xsaqpmn29qasiyu1cql28mmmy",
        "session_token": "ec3ef167-36de-45db-aa4b-c2c34de1b72f",
        "acceso_pap": true,
        "acceso_caf": true,
        "acceso_cde": true,
        "groups": [],
        "user_permissions": []
    }
},
{
    "model": "libreria.customuser",
    "fields": {
        "password": "pbkdf2_sha256$1000000$Mq9g3usNKoL8pHXcefQJBW$ovFmCWu5MCuIEuH3rdea+C+D1bzRrYqvGKJW5+AL9do=",
        "last_login": "2025-07-30T21:27:39.051Z",
        "is_superuser": false,
        "username": "Diego Ortiz",
        "email": "diego@gmail.com",
        "role": "Empleado",
        "area": "Financiera",
        "cargo": "Aprendiz Sena",
        "fecha_registro": "2025-07-26",
        "is_active": true,
        "is_staff": false,
        "session_key": "n1b51di7bij6b56dubjrrvlha8r2zdms",
        "session_token": "540b74e6-89fd-4bde-9dee-37a9d584499e",
        "acceso_pap": true,
        "acceso_caf": true,
        "acceso_cde": true,
        "groups": [],
        "user_permissions": []
    }
},
{
    "model": "libreria.customuser",
    "fields": {
        "password": "pbkdf2_sha256$870000$SwCaDnGkBl6zaDRZdCD76U$D6Ic1FGVSrtqBvoEfY2FwGmL/caG9dKL27FR8WVmF78=",
        "last_login": null,
        "is_superuser": false,
        "username": "Freddy Monsalve",
        "email": "freddymonsalvegestionempresarial@gmail.com",
        "role": "Empleado",
        "area": "Gestión empresarial",
        "cargo": "Asistente En Gestión Empresarial",
        "fecha_registro": "2025-07-27",
        "is_active": true,
        "is_staff": false,
        "session_key": null,
        "session_token": null,
        "acceso_pap": false,
        "acceso_caf": false,
        "acceso_cde": false,
        "groups": [],
        "user_permissions": []
    }
},
{
    "model": "libreria.customuser",
    "fields": {
        "password": "pbkdf2_sha256$870000$Sv9lumvwnwdlkvdHNQ7vqa$ki5FvS12CSkN9n6C0zxOC6Rs8wg2Pa56zcRCx2oCxhM=",
        "last_login": null,
        "is_superuser": false,
        "username": "Alejandro Moreno",
        "email": "alejandromorenorues@gmail.com",
        "role": "Empleado",
        "area": "Registros públicos",
        "cargo": "Abogado Jurídico",
        "fecha_registro": "2025-07-27",
        "is_active": true,
        "is_staff": false,
        "session_key": null,
        "session_token": null,
        "acceso_pap": false,
        "acceso_caf": false,
        "acceso_cde": false,
        "groups": [],
        "user_permissions": []
    }
},
{
    "model": "papeleria.articulo",
    "pk": 1,
    "fields": {
        "nombre": "Resma de papel membreteada",
        "marca": "Reprograf",
        "observacion": "No hay",
        "tipo": "Oficio",
        "precio": 2000,
        "cantidad": 10,
        "proveedor": "Javeriana",
        "registrado_por": [
            "jonnathansz73@gmail.com"
        ],
        "fecha_registro": "2025-07-26"
    }
},
{
    "model": "papeleria.articulo",
    "pk": 2,
    "fields": {
        "nombre": "Calculadora",
        "marca": "Casio",
        "observacion": "No hay",
        "tipo": "Científica",
        "precio": 2000,
        "cantidad": 11,
        "proveedor": "Casio",
        "registrado_por": [
            "jonnathansz73@gmail.com"
        ],
        "fecha_registro": "2025-07-26"
    }
},
{
    "model": "papeleria.articulo",
    "pk": 3,
    "fields": {
        "nombre": "Juegos de tapas",
        "marca": "Tapas ltda",
        "observacion": "No hay",
        "tipo": "No establecido",
        "precio": 5000,
        "cantidad": 22,
        "proveedor": "Javeriana",
        "registrado_por": [
            "jonnathansz73@gmail.com"
        ],
        "fecha_registro": "2025-07-26"
    }
},
{
    "model": "papeleria.articulo",
    "pk": 4,
    "fields": {
        "nombre": "Lapiz",
        "marca": "Bic",
        "observacion": "No hay",
        "tipo": "Rojo",
        "precio": 3000,
        "cantidad": 22,
        "proveedor": "Javeriana",
        "registrado_por": [
            "jonnathansz73@gmail.com"
        ],
        "fecha_registro": "2025-07-26"
    }
},
{
    "model": "papeleria.articulo",
    "pk": 5,
    "fields": {
        "nombre": "Post - its",
        "marca": "Offi - esco",
        "observacion": "No hay",
        "tipo": "Medianas",
        "precio": 3000,
        "cantidad": 333,
        "proveedor": "Javeriana",
        "registrado_por": [
            "jonnathansz73@gmail.com"
        ],
        "fecha_registro": "2025-07-26"
    }
},
{
    "model": "papeleria.articulo",
    "pk": 7,
    "fields": {
        "nombre": "Separadores",
        "marca": "Offi - esco",
        "observacion": "No hay",
        "tipo": "Plástico",
        "precio": 3000,
        "cantidad": 10,
        "proveedor": "Javeriana",
        "registrado_por": [
            "jonnathansz73@gmail.com"
        ],
        "fecha_registro": "2025-07-27"
    }
},
{
    "model": "papeleria.articulo",
    "pk": 8,
    "fields": {
        "nombre": "Esferos",
        "marca": "Bic",
        "observacion": "No hay",
        "tipo": "Punta fina",
        "precio": 3000,
        "cantidad": 22,
        "proveedor": "Javeriana",
        "registrado_por": [
            "jonnathansz73@gmail.com"
        ],
        "fecha_registro": "2025-07-27"
    }
},
{
    "model": "papeleria.articulo",
    "pk": 9,
    "fields": {
        "nombre": "Tajalapiz",
        "marca": "Offi - esco",
        "observacion": "No hay",
        "tipo": "Pequeño",
        "precio": 3000,
        "cantidad": 20,
        "proveedor": "Javeriana",
        "registrado_por": [
            "jonnathansz73@gmail.com"
        ],
        "fecha_registro": "2025-07-28"
    }
},
{
    "model": "papeleria.articulo",
    "pk": 11,
    "fields": {
        "nombre": "Cinta de enmascarar",
        "marca": "Offi -esco",
        "observacion": "Reciclada",
        "tipo": "Gruesa",
        "precio": 3000,
        "cantidad": 21,
        "proveedor": "Javeriana",
        "registrado_por": [
            "jonnathansz73@gmail.com"
        ],
        "fecha_registro": "2025-07-28"
    }
},
{
    "model": "papeleria.articulo",
    "pk": 12,
    "fields": {
        "nombre": "Clips de mariposa",
        "marca": "Clips ltda",
        "observacion": "No hay",
        "tipo": "Metálicos",
        "precio": 5000,
        "cantidad": 22,
        "proveedor": "Javeriana",
        "registrado_por": [
            "jonnathansz73@gmail.com"
        ],
        "fecha_registro": "2025-07-29"
    }
},
{
    "model": "papeleria.articulo",
    "pk": 13,
    "fields": {
        "nombre": "Resaltador",
        "marca": "Norma",
        "observacion": "No hay",
        "tipo": "Verde",
        "precio": 3000,
        "cantidad": 39,
        "proveedor": "Javeriana",
        "registrado_por": [
            "jonnathansz73@gmail.com"
        ],
        "fecha_registro": "2025-07-29"
    }
},
{
    "model": "papeleria.articulo",
    "pk": 14,
    "fields": {
        "nombre": "Perforadoras",
        "marca": "Norma",
        "observacion": "Usada",
        "tipo": "Usadas",
        "precio": 5000,
        "cantidad": 50,
        "proveedor": "Javeriana",
        "registrado_por": [
            "jonnathansz73@gmail.com"
        ],
        "fecha_registro": "2025-07-29"
    }
},
{
    "model": "papeleria.articulo",
    "pk": 15,
    "fields": {
        "nombre": "Saca ganchos",
        "marca": "Offi - esco",
        "observacion": "Reciclado",
        "tipo": "Pequeño",
        "precio": 5000,
        "cantidad": 20,
        "proveedor": "Offi - esco",
        "registrado_por": [
            "jonnathansz73@gmail.com"
        ],
        "fecha_registro": "2025-07-29"
    }
},
{
    "model": "papeleria.articulo",
    "pk": 16,
    "fields": {
        "nombre": "Resmas de papel membreteada",
        "marca": "Reprograf",
        "observacion": "No hay",
        "tipo": "Carta",
        "precio": 6000,
        "cantidad": 32,
        "proveedor": "Javeriana",
        "registrado_por": [
            "jonnathansz73@gmail.com"
        ],
        "fecha_registro": "2025-07-30"
    }
},
{
    "model": "papeleria.pedido",
    "pk": 1,
    "fields": {
        "registrado_por": [
            "jonnathansz73@gmail.com"
        ],
        "fecha_pedido": "2021-01-01T23:04:00Z",
        "fecha_estado": "2025-07-26T23:04:57.747Z",
        "estado": "Confirmado"
    }
},
{
    "model": "papeleria.pedido",
    "pk": 2,
    "fields": {
        "registrado_por": [
            "jonnathansz73@gmail.com"
        ],
        "fecha_pedido": "2025-07-26T23:07:45.046Z",
        "fecha_estado": "2025-07-26T23:07:45.046Z",
        "estado": "Confirmado"
    }
},
{
    "model": "papeleria.pedido",
    "pk": 3,
    "fields": {
        "registrado_por": [
            "jonnathansz73@gmail.com"
        ],
        "fecha_pedido": "2025-07-26T23:08:20.893Z",
        "fecha_estado": "2025-07-26T23:08:20.893Z",
        "estado": "Confirmado"
    }
},
{
    "model": "papeleria.pedido",
    "pk": 4,
    "fields": {
        "registrado_por": [
            "jonnathansz73@gmail.com"
        ],
        "fecha_pedido": "2025-07-26T23:08:59.910Z",
        "fecha_estado": "2025-07-26T23:08:59.910Z",
        "estado": "Confirmado"
    }
},
{
    "model": "papeleria.pedido",
    "pk": 5,
    "fields": {
        "registrado_por": [
            "jonnathansz73@gmail.com"
        ],
        "fecha_pedido": "2025-07-27T21:22:23.803Z",
        "fecha_estado": "2025-07-27T21:22:23.803Z",
        "estado": "Confirmado"
    }
},
{
    "model": "papeleria.pedido",
    "pk": 6,
    "fields": {
        "registrado_por": [
            "carlos@gmail.com"
        ],
        "fecha_pedido": "2025-07-27T21:26:56.827Z",
        "fecha_estado": null,
        "estado": "Confirmado"
    }
},
{
    "model": "papeleria.pedido",
    "pk": 7,
    "fields": {
        "registrado_por": [
            "viviana@gmail.com"
        ],
        "fecha_pedido": "2025-07-27T21:30:53.566Z",
        "fecha_estado": null,
        "estado": "Pendiente"
    }
},
{
    "model": "papeleria.pedido",
    "pk": 8,
    "fields": {
        "registrado_por": [
            "sonia@gmail.com"
        ],
        "fecha_pedido": "2025-07-27T21:32:21.960Z",
        "fecha_estado": null,
        "estado": "Cancelado"
    }
},
{
    "model": "papeleria.pedido",
    "pk": 9,
    "fields": {
        "registrado_por": [
            "valentinacasallas@gmail.com"
        ],
        "fecha_pedido": "2025-07-27T21:32:59.638Z",
        "fecha_estado": "2025-07-29T16:29:35.452Z",
        "estado": "Cancelado"
    }
},
{
    "model": "papeleria.pedido",
    "pk": 10,
    "fields": {
        "registrado_por": [
            "diego@gmail.com"
        ],
        "fecha_pedido": "2025-07-27T21:33:56.033Z",
        "fecha_estado": null,
        "estado": "Confirmado"
    }
},
{
    "model": "papeleria.pedido",
    "pk": 11,
    "fields": {
        "registrado_por": [
            "jonnathansz73@gmail.com"
        ],
        "fecha_pedido": "2025-07-27T21:34:36.207Z",
        "fecha_estado": "2025-07-27T21:34:36.207Z",
        "estado": "Confirmado"
    }
},
{
    "model": "papeleria.pedido",
    "pk": 12,
    "fields": {
        "registrado_por": [
            "diego@gmail.com"
        ],
        "fecha_pedido": "2025-07-27T21:46:07.487Z",
        "fecha_estado": null,
        "estado": "Confirmado"
    }
},
{
    "model": "papeleria.pedido",
    "pk": 13,
    "fields": {
        "registrado_por": [
            "diego@gmail.com"
        ],
        "fecha_pedido": "2025-07-27T21:46:50.289Z",
        "fecha_estado": null,
        "estado": "Confirmado"
    }
},
{
    "model": "papeleria.pedido",
    "pk": 14,
    "fields": {
        "registrado_por": [
            "jonnathansz73@gmail.com"
        ],
        "fecha_pedido": "2025-07-27T21:47:26.976Z",
        "fecha_estado": "2025-07-27T21:47:26.976Z",
        "estado": "Confirmado"
    }
},
{
    "model": "papeleria.pedido",
    "pk": 15,
    "fields": {
        "registrado_por": [
            "diego@gmail.com"
        ],
        "fecha_pedido": "2025-07-27T21:50:52.318Z",
        "fecha_estado": null,
        "estado": "Confirmado"
    }
},
{
    "model": "papeleria.pedido",
    "pk": 16,
    "fields": {
        "registrado_por": [
            "jonnathansz73@gmail.com"
        ],
        "fecha_pedido": "2025-07-27T21:51:21.060Z",
        "fecha_estado": "2025-07-27T21:51:21.060Z",
        "estado": "Confirmado"
    }
},
{
    "model": "papeleria.pedido",
    "pk": 17,
    "fields": {
        "registrado_por": [
            "diego@gmail.com"
        ],
        "fecha_pedido": "2025-07-27T21:58:20.316Z",
        "fecha_estado": null,
        "estado": "Confirmado"
    }
},
{
    "model": "papeleria.pedido",
    "pk": 18,
    "fields": {
        "registrado_por": [
            "jonnathansz73@gmail.com"
        ],
        "fecha_pedido": "2025-07-27T21:58:47.041Z",
        "fecha_estado": "2025-07-27T21:58:47.041Z",
        "estado": "Confirmado"
    }
},
{
    "model": "papeleria.pedido",
    "pk": 19,
    "fields": {
        "registrado_por": [
            "diego@gmail.com"
        ],
        "fecha_pedido": "2025-07-27T22:01:04.788Z",
        "fecha_estado": null,
        "estado": "Confirmado"
    }
},
{
    "model": "papeleria.pedido",
    "pk": 20,
    "fields": {
        "registrado_por": [
            "jonnathansz73@gmail.com"
        ],
        "fecha_pedido": "2025-07-27T22:01:33.375Z",
        "fecha_estado": "2025-07-27T22:01:33.375Z",
        "estado": "Confirmado"
    }
},
{
    "model": "papeleria.pedido",
    "pk": 21,
    "fields": {
        "registrado_por": [
            "jonnathansz73@gmail.com"
        ],
        "fecha_pedido": "2025-07-27T22:02:48.384Z",
        "fecha_estado": "2025-07-27T22:02:48.384Z",
        "estado": "Confirmado"
    }
},
{
    "model": "papeleria.pedido",
    "pk": 22,
    "fields": {
        "registrado_por": [
            "diego@gmail.com"
        ],
        "fecha_pedido": "2025-07-28T01:07:39.654Z",
        "fecha_estado": null,
        "estado": "Confirmado"
    }
},
{
    "model": "papeleria.pedido",
    "pk": 23,
    "fields": {
        "registrado_por": [
            "jonnathansz73@gmail.com"
        ],
        "fecha_pedido": "2025-07-28T01:08:17.968Z",
        "fecha_estado": "2025-07-28T01:08:17.968Z",
        "estado": "Confirmado"
    }
},
{
    "model": "papeleria.pedido",
    "pk": 24,
    "fields": {
        "registrado_por": [
            "diego@gmail.com"
        ],
        "fecha_pedido": "2025-07-28T01:13:20.809Z",
        "fecha_estado": null,
        "estado": "Confirmado"
    }
},
{
    "model": "papeleria.pedido",
    "pk": 25,
    "fields": {
        "registrado_por": [
            "jonnathansz73@gmail.com"
        ],
        "fecha_pedido": "2025-07-28T01:14:03.032Z",
        "fecha_estado": "2025-07-28T01:14:03.032Z",
        "estado": "Confirmado"
    }
},
{
    "model": "papeleria.pedido",
    "pk": 26,
    "fields": {
        "registrado_por": [
            "diego@gmail.com"
        ],
        "fecha_pedido": "2025-07-28T01:18:30.101Z",
        "fecha_estado": "2025-07-28T01:19:16.256Z",
        "estado": "Cancelado"
    }
},
{
    "model": "papeleria.pedido",
    "pk": 27,
    "fields": {
        "registrado_por": [
            "jonnathansz73@gmail.com"
        ],
        "fecha_pedido": "2025-07-28T01:18:58.269Z",
        "fecha_estado": "2025-07-28T01:18:58.269Z",
        "estado": "Confirmado"
    }
},
{
    "model": "papeleria.pedido",
    "pk": 28,
    "fields": {
        "registrado_por": [
            "diego@gmail.com"
        ],
        "fecha_pedido": "2025-07-28T13:04:48.649Z",
        "fecha_estado": "2025-07-28T13:18:20.444Z",
        "estado": "Cancelado"
    }
},
{
    "model": "papeleria.pedido",
    "pk": 29,
    "fields": {
        "registrado_por": [
            "diego@gmail.com"
        ],
        "fecha_pedido": "2025-07-28T13:06:04.599Z",
        "fecha_estado": "2025-07-28T13:11:54.072Z",
        "estado": "Cancelado"
    }
},
{
    "model": "papeleria.pedido",
    "pk": 30,
    "fields": {
        "registrado_por": [
            "jonnathansz73@gmail.com"
        ],
        "fecha_pedido": "2025-07-28T13:10:12.686Z",
        "fecha_estado": "2025-07-28T13:10:12.686Z",
        "estado": "Confirmado"
    }
},
{
    "model": "papeleria.pedido",
    "pk": 31,
    "fields": {
        "registrado_por": [
            "diego@gmail.com"
        ],
        "fecha_pedido": "2025-07-28T13:16:51.871Z",
        "fecha_estado": "2025-07-28T13:18:10.754Z",
        "estado": "Cancelado"
    }
},
{
    "model": "papeleria.pedido",
    "pk": 32,
    "fields": {
        "registrado_por": [
            "jonnathansz73@gmail.com"
        ],
        "fecha_pedido": "2025-07-28T13:17:38.870Z",
        "fecha_estado": "2025-07-28T13:17:38.870Z",
        "estado": "Confirmado"
    }
},
{
    "model": "papeleria.pedido",
    "pk": 33,
    "fields": {
        "registrado_por": [
            "jonnathansz73@gmail.com"
        ],
        "fecha_pedido": "2020-01-01T16:21:00Z",
        "fecha_estado": "2025-07-29T16:22:09.457Z",
        "estado": "Confirmado"
    }
},
{
    "model": "papeleria.pedido",
    "pk": 34,
    "fields": {
        "registrado_por": [
            "diego@gmail.com"
        ],
        "fecha_pedido": "2025-07-29T16:31:01.991Z",
        "fecha_estado": "2025-07-30T21:29:57.035Z",
        "estado": "Cancelado"
    }
},
{
    "model": "papeleria.pedido",
    "pk": 35,
    "fields": {
        "registrado_por": [
            "diego@gmail.com"
        ],
        "fecha_pedido": "2025-07-29T16:31:40.560Z",
        "fecha_estado": "2025-07-29T16:33:22.259Z",
        "estado": "Cancelado"
    }
},
{
    "model": "papeleria.pedido",
    "pk": 36,
    "fields": {
        "registrado_por": [
            "jonnathansz73@gmail.com"
        ],
        "fecha_pedido": "2025-07-29T16:32:38.361Z",
        "fecha_estado": "2025-07-29T16:32:38.361Z",
        "estado": "Confirmado"
    }
},
{
    "model": "papeleria.pedido",
    "pk": 37,
    "fields": {
        "registrado_por": [
            "jonnathansz73@gmail.com"
        ],
        "fecha_pedido": "2025-07-29T19:36:01.868Z",
        "fecha_estado": "2025-07-29T19:36:01.868Z",
        "estado": "Confirmado"
    }
},
{
    "model": "papeleria.pedido",
    "pk": 38,
    "fields": {
        "registrado_por": [
            "jonnathansz73@gmail.com"
        ],
        "fecha_pedido": "2025-01-01T21:18:00Z",
        "fecha_estado": "2025-07-30T21:19:10.029Z",
        "estado": "Confirmado"
    }
},
{
    "model": "papeleria.pedido",
    "pk": 39,
    "fields": {
        "registrado_por": [
            "diego@gmail.com"
        ],
        "fecha_pedido": "2025-07-30T21:28:11.453Z",
        "fecha_estado": "2025-07-30T21:29:34.249Z",
        "estado": "Cancelado"
    }
},
{
    "model": "papeleria.pedido",
    "pk": 40,
    "fields": {
        "registrado_por": [
            "sonia@gmail.com"
        ],
        "fecha_pedido": "2025-07-30T21:52:07.102Z",
        "fecha_estado": "2025-07-30T21:54:56.210Z",
        "estado": "Confirmado"
    }
},
{
    "model": "papeleria.pedidoarticulo",
    "pk": 1,
    "fields": {
        "pedido": 1,
        "articulo": 2,
        "cantidad": 1,
        "tipo": "Científica",
        "area": "Administrativa"
    }
},
{
    "model": "papeleria.pedidoarticulo",
    "pk": 2,
    "fields": {
        "pedido": 2,
        "articulo": 1,
        "cantidad": 1,
        "tipo": "Oficio",
        "area": "Administrativa"
    }
},
{
    "model": "papeleria.pedidoarticulo",
    "pk": 3,
    "fields": {
        "pedido": 2,
        "articulo": 2,
        "cantidad": 1,
        "tipo": "Científica",
        "area": "Administrativa"
    }
},
{
    "model": "papeleria.pedidoarticulo",
    "pk": 4,
    "fields": {
        "pedido": 3,
        "articulo": 2,
        "cantidad": 1,
        "tipo": "Científica",
        "area": "Administrativa"
    }
},
{
    "model": "papeleria.pedidoarticulo",
    "pk": 5,
    "fields": {
        "pedido": 3,
        "articulo": 3,
        "cantidad": 1,
        "tipo": "No establecido",
        "area": "Administrativa"
    }
},
{
    "model": "papeleria.pedidoarticulo",
    "pk": 6,
    "fields": {
        "pedido": 3,
        "articulo": 4,
        "cantidad": 1,
        "tipo": "Rojo",
        "area": "Administrativa"
    }
},
{
    "model": "papeleria.pedidoarticulo",
    "pk": 7,
    "fields": {
        "pedido": 4,
        "articulo": 5,
        "cantidad": 1,
        "tipo": "Medianas",
        "area": "Administrativa"
    }
},
{
    "model": "papeleria.pedidoarticulo",
    "pk": 8,
    "fields": {
        "pedido": 4,
        "articulo": 2,
        "cantidad": 1,
        "tipo": "Científica",
        "area": "Administrativa"
    }
},
{
    "model": "papeleria.pedidoarticulo",
    "pk": 9,
    "fields": {
        "pedido": 4,
        "articulo": 3,
        "cantidad": 1,
        "tipo": "No establecido",
        "area": "Administrativa"
    }
},
{
    "model": "papeleria.pedidoarticulo",
    "pk": 10,
    "fields": {
        "pedido": 4,
        "articulo": 4,
        "cantidad": 1,
        "tipo": "Rojo",
        "area": "Administrativa"
    }
},
{
    "model": "papeleria.pedidoarticulo",
    "pk": 11,
    "fields": {
        "pedido": 5,
        "articulo": 3,
        "cantidad": 1,
        "tipo": "No establecido",
        "area": "Administrativa"
    }
},
{
    "model": "papeleria.pedidoarticulo",
    "pk": 12,
    "fields": {
        "pedido": 5,
        "articulo": 7,
        "cantidad": 11,
        "tipo": "Plástico",
        "area": "Administrativa"
    }
},
{
    "model": "papeleria.pedidoarticulo",
    "pk": 13,
    "fields": {
        "pedido": 6,
        "articulo": 2,
        "cantidad": 1,
        "tipo": "Científica",
        "area": "Registros públicos"
    }
},
{
    "model": "papeleria.pedidoarticulo",
    "pk": 14,
    "fields": {
        "pedido": 7,
        "articulo": 1,
        "cantidad": 1,
        "tipo": "Oficio",
        "area": "Gestión empresarial"
    }
},
{
    "model": "papeleria.pedidoarticulo",
    "pk": 15,
    "fields": {
        "pedido": 7,
        "articulo": 2,
        "cantidad": 1,
        "tipo": "Científica",
        "area": "Gestión empresarial"
    }
},
{
    "model": "papeleria.pedidoarticulo",
    "pk": 16,
    "fields": {
        "pedido": 7,
        "articulo": 3,
        "cantidad": 1,
        "tipo": "No establecido",
        "area": "Gestión empresarial"
    }
},
{
    "model": "papeleria.pedidoarticulo",
    "pk": 17,
    "fields": {
        "pedido": 8,
        "articulo": 3,
        "cantidad": 1,
        "tipo": "No establecido",
        "area": "Competitividad"
    }
},
{
    "model": "papeleria.pedidoarticulo",
    "pk": 18,
    "fields": {
        "pedido": 8,
        "articulo": 5,
        "cantidad": 1,
        "tipo": "Medianas",
        "area": "Competitividad"
    }
},
{
    "model": "papeleria.pedidoarticulo",
    "pk": 19,
    "fields": {
        "pedido": 8,
        "articulo": 4,
        "cantidad": 1,
        "tipo": "Rojo",
        "area": "Competitividad"
    }
},
{
    "model": "papeleria.pedidoarticulo",
    "pk": 20,
    "fields": {
        "pedido": 9,
        "articulo": 4,
        "cantidad": 1,
        "tipo": "Rojo",
        "area": "Presidencia"
    }
},
{
    "model": "papeleria.pedidoarticulo",
    "pk": 21,
    "fields": {
        "pedido": 10,
        "articulo": 7,
        "cantidad": 74,
        "tipo": "Plástico",
        "area": "Financiera"
    }
},
{
    "model": "papeleria.pedidoarticulo",
    "pk": 22,
    "fields": {
        "pedido": 10,
        "articulo": 5,
        "cantidad": 32,
        "tipo": "Medianas",
        "area": "Financiera"
    }
},
{
    "model": "papeleria.pedidoarticulo",
    "pk": 23,
    "fields": {
        "pedido": 11,
        "articulo": 7,
        "cantidad": 74,
        "tipo": "Plástico",
        "area": "Administrativa"
    }
},
{
    "model": "papeleria.pedidoarticulo",
    "pk": 24,
    "fields": {
        "pedido": 12,
        "articulo": 2,
        "cantidad": 19,
        "tipo": "Científica",
        "area": "Financiera"
    }
},
{
    "model": "papeleria.pedidoarticulo",
    "pk": 25,
    "fields": {
        "pedido": 12,
        "articulo": 3,
        "cantidad": 1,
        "tipo": "No establecido",
        "area": "Financiera"
    }
},
{
    "model": "papeleria.pedidoarticulo",
    "pk": 28,
    "fields": {
        "pedido": 15,
        "articulo": 4,
        "cantidad": 10,
        "tipo": "Rojo",
        "area": "Financiera"
    }
},
{
    "model": "papeleria.pedidoarticulo",
    "pk": 29,
    "fields": {
        "pedido": 16,
        "articulo": 4,
        "cantidad": 10,
        "tipo": "Rojo",
        "area": "Administrativa"
    }
},
{
    "model": "papeleria.pedidoarticulo",
    "pk": 30,
    "fields": {
        "pedido": 17,
        "articulo": 4,
        "cantidad": 20,
        "tipo": "Rojo",
        "area": "Financiera"
    }
},
{
    "model": "papeleria.pedidoarticulo",
    "pk": 31,
    "fields": {
        "pedido": 18,
        "articulo": 4,
        "cantidad": 20,
        "tipo": "Rojo",
        "area": "Administrativa"
    }
},
{
    "model": "papeleria.pedidoarticulo",
    "pk": 32,
    "fields": {
        "pedido": 19,
        "articulo": 3,
        "cantidad": 197,
        "tipo": "No establecido",
        "area": "Financiera"
    }
},
{
    "model": "papeleria.pedidoarticulo",
    "pk": 33,
    "fields": {
        "pedido": 20,
        "articulo": 3,
        "cantidad": 197,
        "tipo": "No establecido",
        "area": "Administrativa"
    }
},
{
    "model": "papeleria.pedidoarticulo",
    "pk": 34,
    "fields": {
        "pedido": 21,
        "articulo": 2,
        "cantidad": 19,
        "tipo": "Científica",
        "area": "Administrativa"
    }
},
{
    "model": "papeleria.pedidoarticulo",
    "pk": 35,
    "fields": {
        "pedido": 22,
        "articulo": 5,
        "cantidad": 32,
        "tipo": "Medianas",
        "area": "Financiera"
    }
},
{
    "model": "papeleria.pedidoarticulo",
    "pk": 36,
    "fields": {
        "pedido": 23,
        "articulo": 5,
        "cantidad": 32,
        "tipo": "Medianas",
        "area": "Administrativa"
    }
},
{
    "model": "papeleria.pedidoarticulo",
    "pk": 37,
    "fields": {
        "pedido": 24,
        "articulo": 2,
        "cantidad": 10,
        "tipo": "Científica",
        "area": "Financiera"
    }
},
{
    "model": "papeleria.pedidoarticulo",
    "pk": 38,
    "fields": {
        "pedido": 25,
        "articulo": 2,
        "cantidad": 10,
        "tipo": "Científica",
        "area": "Administrativa"
    }
},
{
    "model": "papeleria.pedidoarticulo",
    "pk": 39,
    "fields": {
        "pedido": 26,
        "articulo": 8,
        "cantidad": 12,
        "tipo": "Punta fina",
        "area": "Financiera"
    }
},
{
    "model": "papeleria.pedidoarticulo",
    "pk": 40,
    "fields": {
        "pedido": 27,
        "articulo": 8,
        "cantidad": 12,
        "tipo": "Punta fina",
        "area": "Administrativa"
    }
},
{
    "model": "papeleria.pedidoarticulo",
    "pk": 41,
    "fields": {
        "pedido": 28,
        "articulo": 9,
        "cantidad": 1,
        "tipo": "Pequeño",
        "area": "Financiera"
    }
},
{
    "model": "papeleria.pedidoarticulo",
    "pk": 42,
    "fields": {
        "pedido": 28,
        "articulo": 1,
        "cantidad": 1,
        "tipo": "Oficio",
        "area": "Financiera"
    }
},
{
    "model": "papeleria.pedidoarticulo",
    "pk": 43,
    "fields": {
        "pedido": 29,
        "articulo": 9,
        "cantidad": 22,
        "tipo": "Pequeño",
        "area": "Financiera"
    }
},
{
    "model": "papeleria.pedidoarticulo",
    "pk": 44,
    "fields": {
        "pedido": 29,
        "articulo": 1,
        "cantidad": 1,
        "tipo": "Oficio",
        "area": "Financiera"
    }
},
{
    "model": "papeleria.pedidoarticulo",
    "pk": 45,
    "fields": {
        "pedido": 30,
        "articulo": 1,
        "cantidad": 1,
        "tipo": "Oficio",
        "area": "Administrativa"
    }
},
{
    "model": "papeleria.pedidoarticulo",
    "pk": 46,
    "fields": {
        "pedido": 30,
        "articulo": 9,
        "cantidad": 22,
        "tipo": "Pequeño",
        "area": "Administrativa"
    }
},
{
    "model": "papeleria.pedidoarticulo",
    "pk": 48,
    "fields": {
        "pedido": 31,
        "articulo": 11,
        "cantidad": 22,
        "tipo": "Gruesa",
        "area": "Financiera"
    }
},
{
    "model": "papeleria.pedidoarticulo",
    "pk": 50,
    "fields": {
        "pedido": 33,
        "articulo": 7,
        "cantidad": 1,
        "tipo": "Plástico",
        "area": "Administrativa"
    }
},
{
    "model": "papeleria.pedidoarticulo",
    "pk": 51,
    "fields": {
        "pedido": 34,
        "articulo": 9,
        "cantidad": 22,
        "tipo": "Pequeño",
        "area": "Financiera"
    }
},
{
    "model": "papeleria.pedidoarticulo",
    "pk": 52,
    "fields": {
        "pedido": 35,
        "articulo": 7,
        "cantidad": 10,
        "tipo": "Plástico",
        "area": "Financiera"
    }
},
{
    "model": "papeleria.pedidoarticulo",
    "pk": 53,
    "fields": {
        "pedido": 36,
        "articulo": 7,
        "cantidad": 10,
        "tipo": "Plástico",
        "area": "Administrativa"
    }
},
{
    "model": "papeleria.pedidoarticulo",
    "pk": 54,
    "fields": {
        "pedido": 37,
        "articulo": 12,
        "cantidad": 1,
        "tipo": "Metálicos",
        "area": "Registros públicos"
    }
},
{
    "model": "papeleria.pedidoarticulo",
    "pk": 55,
    "fields": {
        "pedido": 38,
        "articulo": 16,
        "cantidad": 1,
        "tipo": "Carta",
        "area": "Registros públicos"
    }
},
{
    "model": "papeleria.pedidoarticulo",
    "pk": 56,
    "fields": {
        "pedido": 39,
        "articulo": 8,
        "cantidad": 2,
        "tipo": "Punta fina",
        "area": "Financiera"
    }
},
{
    "model": "papeleria.pedidoarticulo",
    "pk": 57,
    "fields": {
        "pedido": 40,
        "articulo": 13,
        "cantidad": 1,
        "tipo": "Verde",
        "area": "Competitividad"
    }
},
{
    "model": "papeleria.devolucion",
    "pk": 1,
    "fields": {
        "pedido": 1,
        "articulo": 2,
        "cantidad_devuelta": 1,
        "razon": "fin de contrato",
        "fecha": "2025-07-26T23:06:31.084Z"
    }
},
{
    "model": "papeleria.devolucion",
    "pk": 2,
    "fields": {
        "pedido": 16,
        "articulo": 4,
        "cantidad_devuelta": 10,
        "razon": "fin de contrato",
        "fecha": "2025-07-27T21:52:25.068Z"
    }
},
{
    "model": "papeleria.devolucion",
    "pk": 3,
    "fields": {
        "pedido": 15,
        "articulo": 4,
        "cantidad_devuelta": 10,
        "razon": "fin de contrato",
        "fecha": "2025-07-27T21:52:49.471Z"
    }
},
{
    "model": "papeleria.devolucion",
    "pk": 5,
    "fields": {
        "pedido": 30,
        "articulo": 1,
        "cantidad_devuelta": 1,
        "razon": "fin de contrato y no use las agendas sol",
        "fecha": "2025-07-28T13:27:49.747Z"
    }
},
{
    "model": "papeleria.devolucion",
    "pk": 6,
    "fields": {
        "pedido": 29,
        "articulo": 9,
        "cantidad_devuelta": 22,
        "razon": "fin de contrato",
        "fecha": "2025-07-28T13:28:58.095Z"
    }
},
{
    "model": "papeleria.devolucion",
    "pk": 7,
    "fields": {
        "pedido": 33,
        "articulo": 7,
        "cantidad_devuelta": 1,
        "razon": "Fin de contrato",
        "fecha": "2025-07-29T16:23:57.718Z"
    }
},
{
    "model": "papeleria.devolucion",
    "pk": 8,
    "fields": {
        "pedido": 36,
        "articulo": 7,
        "cantidad_devuelta": 10,
        "razon": "fin de contrato",
        "fecha": "2025-07-29T16:35:13.826Z"
    }
},
{
    "model": "papeleria.devolucion",
    "pk": 9,
    "fields": {
        "pedido": 38,
        "articulo": 16,
        "cantidad_devuelta": 1,
        "razon": "No se usaron",
        "fecha": "2025-07-30T21:20:44.760Z"
    }
},
{
    "model": "cafeteria.productos",
    "pk": 1,
    "fields": {
        "nombre": "Café",
        "marca": "Tostao",
        "precio": 2000,
        "cantidad": 8,
        "proveedor": "Javeriana",
        "registrado_por": [
            "jonnathansz73@gmail.com"
        ],
        "fecha_registro": "2025-07-26",
        "unidad_medida": "Kilogramos",
        "presentacion": "paquete"
    }
},
{
    "model": "cafeteria.productos",
    "pk": 2,
    "fields": {
        "nombre": "Vasos",
        "marca": "Vasos Ltda",
        "precio": 6000,
        "cantidad": 489,
        "proveedor": "Javeriana",
        "registrado_por": [
            "jonnathansz73@gmail.com"
        ],
        "fecha_registro": "2025-07-26",
        "unidad_medida": "Onzas",
        "presentacion": "Paquete X12"
    }
},
{
    "model": "cafeteria.productos",
    "pk": 3,
    "fields": {
        "nombre": "Palillos Mezcladores",
        "marca": "Palillos Ltda",
        "precio": 5000,
        "cantidad": 40,
        "proveedor": "Javeriana",
        "registrado_por": [
            "jonnathansz73@gmail.com"
        ],
        "fecha_registro": "2025-07-26",
        "unidad_medida": "Unidad",
        "presentacion": "Paquete X 50"
    }
},
{
    "model": "cafeteria.productos",
    "pk": 4,
    "fields": {
        "nombre": "Leche En Polvo",
        "marca": "Alqueria",
        "precio": 1000000000,
        "cantidad": 1,
        "proveedor": "Javeriana",
        "registrado_por": [
            "jonnathansz73@gmail.com"
        ],
        "fecha_registro": "2025-07-26",
        "unidad_medida": "Kilogramos",
        "presentacion": "Paquete"
    }
},
{
    "model": "cafeteria.productos",
    "pk": 5,
    "fields": {
        "nombre": "Toallas",
        "marca": "Toallas Ltda",
        "precio": 5000,
        "cantidad": 45,
        "proveedor": "Javeriana",
        "registrado_por": [
            "jonnathansz73@gmail.com"
        ],
        "fecha_registro": "2025-07-26",
        "unidad_medida": "Unidad",
        "presentacion": "Unidad"
    }
},
{
    "model": "cafeteria.productos",
    "pk": 6,
    "fields": {
        "nombre": "Limpia Pisos",
        "marca": "Fabuloso",
        "precio": 6600,
        "cantidad": 78,
        "proveedor": "Javeriana",
        "registrado_por": [
            "jonnathansz73@gmail.com"
        ],
        "fecha_registro": "2025-07-28",
        "unidad_medida": "Litros",
        "presentacion": "Botellón"
    }
},
{
    "model": "cafeteria.productos",
    "pk": 7,
    "fields": {
        "nombre": "Cvcxdfbvdsjcjsndjkcdsfhsdhcjsdcnzxskjdnc",
        "marca": "Fdvfdv Njcv Ncnvnxcnxm,nvm,xcn",
        "precio": 210000000000000,
        "cantidad": 999999999,
        "proveedor": "Chdfjvjkfdjkgdfhjkghdjkhfkjdbcvxbbvxbjhd",
        "registrado_por": [
            "jonnathansz73@gmail.com"
        ],
        "fecha_registro": "2025-07-28",
        "unidad_medida": "Kilogramos",
        "presentacion": "Fgdfgdfdsjkfnkcjdxnjkxnjknvjxv"
    }
},
{
    "model": "cafeteria.productos",
    "pk": 8,
    "fields": {
        "nombre": "Dfvfdgbvfhbvnbvxcnvcbnvnbcvnbncbcvbvcbvc",
        "marca": "Cvbcbdfvgfdgfgdfdgfdgfdgfdgfdg",
        "precio": 845415454551521,
        "cantidad": 2999999998,
        "proveedor": "Fgdfgfgdfgrtdsffjdsjfjdsjfjdnfdvbvcxbvbx",
        "registrado_por": [
            "jonnathansz73@gmail.com"
        ],
        "fecha_registro": "2025-07-28",
        "unidad_medida": "Gramos",
        "presentacion": "Dfgfdgfdgfdsdcsdhbbvnbncxbvncx"
    }
},
{
    "model": "cafeteria.pedido",
    "pk": 1,
    "fields": {
        "registrado_por": [
            "jonnathansz73@gmail.com"
        ],
        "fecha_estado": "2025-07-26T23:17:02.416Z",
        "fecha_pedido": "2025-07-26T23:17:02.415Z",
        "estado": "Confirmado"
    }
},
{
    "model": "cafeteria.pedido",
    "pk": 2,
    "fields": {
        "registrado_por": [
            "jonnathansz73@gmail.com"
        ],
        "fecha_estado": "2025-07-26T23:18:18.512Z",
        "fecha_pedido": "2025-07-26T23:18:18.510Z",
        "estado": "Confirmado"
    }
},
{
    "model": "cafeteria.pedido",
    "pk": 3,
    "fields": {
        "registrado_por": [
            "jonnathansz73@gmail.com"
        ],
        "fecha_estado": "2025-07-26T23:18:58.285Z",
        "fecha_pedido": "2025-07-26T23:18:58.281Z",
        "estado": "Confirmado"
    }
},
{
    "model": "cafeteria.pedido",
    "pk": 4,
    "fields": {
        "registrado_por": [
            "diego@gmail.com"
        ],
        "fecha_estado": "2025-07-27T21:54:59.557Z",
        "fecha_pedido": "2025-07-27T21:54:07.680Z",
        "estado": "Cancelado"
    }
},
{
    "model": "cafeteria.pedido",
    "pk": 5,
    "fields": {
        "registrado_por": [
            "jonnathansz73@gmail.com"
        ],
        "fecha_estado": "2025-07-27T21:54:40.338Z",
        "fecha_pedido": "2025-07-27T21:54:40.336Z",
        "estado": "Confirmado"
    }
},
{
    "model": "cafeteria.pedido",
    "pk": 6,
    "fields": {
        "registrado_por": [
            "diego@gmail.com"
        ],
        "fecha_estado": null,
        "fecha_pedido": "2025-07-28T13:55:57.637Z",
        "estado": "Pendiente"
    }
},
{
    "model": "cafeteria.pedido",
    "pk": 7,
    "fields": {
        "registrado_por": [
            "diego@gmail.com"
        ],
        "fecha_estado": null,
        "fecha_pedido": "2025-07-28T13:57:09.854Z",
        "estado": "Pendiente"
    }
},
{
    "model": "cafeteria.pedido",
    "pk": 8,
    "fields": {
        "registrado_por": [
            "diego@gmail.com"
        ],
        "fecha_estado": null,
        "fecha_pedido": "2025-07-28T13:59:41.774Z",
        "estado": "Pendiente"
    }
},
{
    "model": "cafeteria.pedido",
    "pk": 9,
    "fields": {
        "registrado_por": [
            "diego@gmail.com"
        ],
        "fecha_estado": null,
        "fecha_pedido": "2025-07-28T14:00:24.855Z",
        "estado": "Pendiente"
    }
},
{
    "model": "cafeteria.pedido",
    "pk": 10,
    "fields": {
        "registrado_por": [
            "diego@gmail.com"
        ],
        "fecha_estado": "2025-07-30T21:37:26.848Z",
        "fecha_pedido": "2025-07-28T14:01:01.002Z",
        "estado": "Confirmado"
    }
},
{
    "model": "cafeteria.pedido",
    "pk": 11,
    "fields": {
        "registrado_por": [
            "jonnathansz73@gmail.com"
        ],
        "fecha_estado": "2025-07-30T21:35:25.948Z",
        "fecha_pedido": "2025-07-30T21:35:25.945Z",
        "estado": "Confirmado"
    }
},
{
    "model": "cafeteria.pedidoproducto",
    "pk": 1,
    "fields": {
        "pedido": 1,
        "producto": 1,
        "cantidad": 1,
        "area": "Administrativa",
        "lugar": "cafeteria"
    }
},
{
    "model": "cafeteria.pedidoproducto",
    "pk": 2,
    "fields": {
        "pedido": 2,
        "producto": 1,
        "cantidad": 1,
        "area": "Administrativa",
        "lugar": "cafeteria"
    }
},
{
    "model": "cafeteria.pedidoproducto",
    "pk": 3,
    "fields": {
        "pedido": 2,
        "producto": 2,
        "cantidad": 50,
        "area": "Administrativa",
        "lugar": "cafeteria"
    }
},
{
    "model": "cafeteria.pedidoproducto",
    "pk": 4,
    "fields": {
        "pedido": 3,
        "producto": 2,
        "cantidad": 1,
        "area": "Administrativa",
        "lugar": "cafeteria"
    }
},
{
    "model": "cafeteria.pedidoproducto",
    "pk": 5,
    "fields": {
        "pedido": 3,
        "producto": 4,
        "cantidad": 1,
        "area": "Administrativa",
        "lugar": "cafeteria"
    }
},
{
    "model": "cafeteria.pedidoproducto",
    "pk": 6,
    "fields": {
        "pedido": 4,
        "producto": 3,
        "cantidad": 40,
        "area": "Financiera",
        "lugar": "cde"
    }
},
{
    "model": "cafeteria.pedidoproducto",
    "pk": 7,
    "fields": {
        "pedido": 5,
        "producto": 3,
        "cantidad": 40,
        "area": "Administrativa",
        "lugar": "ccde"
    }
},
{
    "model": "cafeteria.pedidoproducto",
    "pk": 8,
    "fields": {
        "pedido": 6,
        "producto": 2,
        "cantidad": 1,
        "area": "Financiera",
        "lugar": "cafeteria"
    }
},
{
    "model": "cafeteria.pedidoproducto",
    "pk": 9,
    "fields": {
        "pedido": 7,
        "producto": 6,
        "cantidad": 1,
        "area": "Financiera",
        "lugar": "cde"
    }
},
{
    "model": "cafeteria.pedidoproducto",
    "pk": 10,
    "fields": {
        "pedido": 7,
        "producto": 2,
        "cantidad": 18,
        "area": "Financiera",
        "lugar": "ccd"
    }
},
{
    "model": "cafeteria.pedidoproducto",
    "pk": 11,
    "fields": {
        "pedido": 8,
        "producto": 6,
        "cantidad": 1,
        "area": "Financiera",
        "lugar": "cde"
    }
},
{
    "model": "cafeteria.pedidoproducto",
    "pk": 12,
    "fields": {
        "pedido": 8,
        "producto": 2,
        "cantidad": 1,
        "area": "Financiera",
        "lugar": "cde"
    }
},
{
    "model": "cafeteria.pedidoproducto",
    "pk": 13,
    "fields": {
        "pedido": 8,
        "producto": 1,
        "cantidad": 1,
        "area": "Financiera",
        "lugar": "ccd"
    }
},
{
    "model": "cafeteria.pedidoproducto",
    "pk": 14,
    "fields": {
        "pedido": 9,
        "producto": 6,
        "cantidad": 1,
        "area": "Financiera",
        "lugar": "cde"
    }
},
{
    "model": "cafeteria.pedidoproducto",
    "pk": 15,
    "fields": {
        "pedido": 10,
        "producto": 7,
        "cantidad": 1,
        "area": "Financiera",
        "lugar": "cde"
    }
},
{
    "model": "cafeteria.pedidoproducto",
    "pk": 16,
    "fields": {
        "pedido": 11,
        "producto": 1,
        "cantidad": 1,
        "area": "Registros públicos",
        "lugar": "Cafeteria"
    }
},
{
    "model": "cafeteria.devolucioncaf",
    "pk": 1,
    "fields": {
        "pedido_producto": 7,
        "cantidad_devuelta": 40,
        "motivo": "No se usaron",
        "devuelto_por": [
            "jonnathansz73@gmail.com"
        ],
        "fecha_devolucion": "2025-07-29T15:27:27.768Z"
    }
},
{
    "model": "cde.pedidocde",
    "pk": 1,
    "fields": {
        "registrado_por": [
            "jonnathansz73@gmail.com"
        ],
        "fecha_pedido": "2025-07-26T23:20:13.145Z",
        "estado": "Confirmado"
    }
},
{
    "model": "cde.pedidocde",
    "pk": 2,
    "fields": {
        "registrado_por": [
            "jonnathansz73@gmail.com"
        ],
        "fecha_pedido": "2025-07-26T23:24:49.926Z",
        "estado": "Confirmado"
    }
},
{
    "model": "cde.pedidocde",
    "pk": 3,
    "fields": {
        "registrado_por": [
            "diego@gmail.com"
        ],
        "fecha_pedido": "2025-07-27T21:56:34.553Z",
        "estado": "Cancelado"
    }
},
{
    "model": "cde.pedidocde",
    "pk": 4,
    "fields": {
        "registrado_por": [
            "jonnathansz73@gmail.com"
        ],
        "fecha_pedido": "2025-07-27T21:57:04.428Z",
        "estado": "Confirmado"
    }
},
{
    "model": "cde.pedidocde",
    "pk": 5,
    "fields": {
        "registrado_por": [
            "diego@gmail.com"
        ],
        "fecha_pedido": "2025-07-28T14:10:58.885Z",
        "estado": "Pendiente"
    }
},
{
    "model": "cde.pedidocde",
    "pk": 6,
    "fields": {
        "registrado_por": [
            "diego@gmail.com"
        ],
        "fecha_pedido": "2025-07-28T14:11:45.734Z",
        "estado": "Pendiente"
    }
},
{
    "model": "cde.pedidocde",
    "pk": 7,
    "fields": {
        "registrado_por": [
            "diego@gmail.com"
        ],
        "fecha_pedido": "2025-07-28T14:11:46.333Z",
        "estado": "Pendiente"
    }
},
{
    "model": "cde.pedidocde",
    "pk": 8,
    "fields": {
        "registrado_por": [
            "diego@gmail.com"
        ],
        "fecha_pedido": "2025-07-28T14:13:00.799Z",
        "estado": "Pendiente"
    }
},
{
    "model": "cde.pedidocde",
    "pk": 9,
    "fields": {
        "registrado_por": [
            "diego@gmail.com"
        ],
        "fecha_pedido": "2025-07-28T14:19:53.813Z",
        "estado": "Pendiente"
    }
},
{
    "model": "cde.pedidocde",
    "pk": 10,
    "fields": {
        "registrado_por": [
            "jonnathansz73@gmail.com"
        ],
        "fecha_pedido": "2025-07-28T14:20:57.748Z",
        "estado": "Confirmado"
    }
},
{
    "model": "cde.pedidoproductocde",
    "pk": 1,
    "fields": {
        "pedido": 1,
        "producto": 1,
        "cantidad": 1,
        "area": "Administrativa",
        "evento": "competitividad"
    }
},
{
    "model": "cde.pedidoproductocde",
    "pk": 2,
    "fields": {
        "pedido": 1,
        "producto": 2,
        "cantidad": 15,
        "area": "Administrativa",
        "evento": "competitividad"
    }
},
{
    "model": "cde.pedidoproductocde",
    "pk": 3,
    "fields": {
        "pedido": 1,
        "producto": 3,
        "cantidad": 15,
        "area": "Administrativa",
        "evento": "competitividad"
    }
},
{
    "model": "cde.pedidoproductocde",
    "pk": 4,
    "fields": {
        "pedido": 2,
        "producto": 4,
        "cantidad": 1,
        "area": "Administrativa",
        "evento": "cde"
    }
},
{
    "model": "cde.pedidoproductocde",
    "pk": 5,
    "fields": {
        "pedido": 3,
        "producto": 4,
        "cantidad": 52,
        "area": "Financiera",
        "evento": "ccd"
    }
},
{
    "model": "cde.pedidoproductocde",
    "pk": 6,
    "fields": {
        "pedido": 4,
        "producto": 4,
        "cantidad": 52,
        "area": "Administrativa",
        "evento": "ccd"
    }
},
{
    "model": "cde.pedidoproductocde",
    "pk": 7,
    "fields": {
        "pedido": 5,
        "producto": 2,
        "cantidad": 1,
        "area": "Financiera",
        "evento": "graduacion"
    }
},
{
    "model": "cde.pedidoproductocde",
    "pk": 8,
    "fields": {
        "pedido": 5,
        "producto": 6,
        "cantidad": 1,
        "area": "Financiera",
        "evento": "graduacion de colegio institucional"
    }
},
{
    "model": "cde.pedidoproductocde",
    "pk": 9,
    "fields": {
        "pedido": 6,
        "producto": 6,
        "cantidad": 1,
        "area": "Financiera",
        "evento": "evento de stand up comedy"
    }
},
{
    "model": "cde.pedidoproductocde",
    "pk": 10,
    "fields": {
        "pedido": 7,
        "producto": 6,
        "cantidad": 1,
        "area": "Financiera",
        "evento": "evento de stand up comedy"
    }
},
{
    "model": "cde.pedidoproductocde",
    "pk": 11,
    "fields": {
        "pedido": 8,
        "producto": 7,
        "cantidad": 1,
        "area": "Financiera",
        "evento": "cde"
    }
},
{
    "model": "cde.pedidoproductocde",
    "pk": 12,
    "fields": {
        "pedido": 9,
        "producto": 7,
        "cantidad": 1,
        "area": "Financiera",
        "evento": "cddfghfhgfjnvjfnkjvbfn"
    }
},
{
    "model": "cde.pedidoproductocde",
    "pk": 13,
    "fields": {
        "pedido": 10,
        "producto": 8,
        "cantidad": 2,
        "area": "Administrativa",
        "evento": "graduacion de univerisdad p´rivada"
    }
},
{
    "model": "cde.devolucioncde",
    "pk": 1,
    "fields": {
        "pedido_producto": 5,
        "cantidad_devuelta": 1,
        "motivo": "no se uso",
        "devuelto_por": [
            "jonnathansz73@gmail.com"
        ],
        "fecha_devolucion": "2025-07-28T14:07:40.303Z"
    }
},
{
    "model": "cde.devolucioncde",
    "pk": 2,
    "fields": {
        "pedido_producto": 2,
        "cantidad_devuelta": 1,
        "motivo": "no se usaron",
        "devuelto_por": [
            "jonnathansz73@gmail.com"
        ],
        "fecha_devolucion": "2025-07-28T14:22:42.153Z"
    }
},
{
    "model": "backup.backup",
    "pk": 1,
    "fields": {
        "nombre": "Ccd",
        "archivo": "backups/backup_db_20250730_162535.json",
        "tamano": "0.05 MB",
        "modelos_incluidos": "libreria.CustomUser, papeleria.Articulo, papeleria.Pedido, papeleria.PedidoArticulo, cafeteria.Productos, cafeteria.Pedido, cafeteria.PedidoProducto, cde.PedidoCde, cde.PedidoProductoCde (con relaciones)",
        "fecha_creacion": "2025-07-30",
        "creado_por": [
            "jonnathansz73@gmail.com"
        ]
    }
},
{
    "model": "backup.backup",
    "pk": 2,
    "fields": {
        "nombre": "Jiji",
        "archivo": "backups/backup_db_20250731_084653.json",
        "tamano": "0.05 MB",
        "modelos_incluidos": "libreria.CustomUser, papeleria.Articulo, papeleria.Pedido, papeleria.PedidoArticulo, cafeteria.Productos, cafeteria.Pedido, cafeteria.PedidoProducto, cde.PedidoCde, cde.PedidoProductoCde (con relaciones)",
        "fecha_creacion": "2025-07-31",
        "creado_por": [
            "jonnathansz73@gmail.com"
        ]
    }
},
{
    "model": "backup.backup",
    "pk": 3,
    "fields": {
        "nombre": "Jiji",
        "archivo": "backups/backup_db_20250731_084658.json",
        "tamano": "0.05 MB",
        "modelos_incluidos": "libreria.CustomUser, papeleria.Articulo, papeleria.Pedido, papeleria.PedidoArticulo, cafeteria.Productos, cafeteria.Pedido, cafeteria.PedidoProducto, cde.PedidoCde, cde.PedidoProductoCde (con relaciones)",
        "fecha_creacion": "2025-07-31",
        "creado_por": [
            "jonnathansz73@gmail.com"
        ]
    }
},
{
    "model": "backup.backup",
    "pk": 4,
    "fields": {
        "nombre": "Jijij",
        "archivo": "backups/backup_db_20250731_084703.json",
        "tamano": "0.05 MB",
        "modelos_incluidos": "libreria.CustomUser, papeleria.Articulo, papeleria.Pedido, papeleria.PedidoArticulo, cafeteria.Productos, cafeteria.Pedido, cafeteria.PedidoProducto, cde.PedidoCde, cde.PedidoProductoCde (con relaciones)",
        "fecha_creacion": "2025-07-31",
        "creado_por": [
            "jonnathansz73@gmail.com"
        ]
    }
}
]
